{
    "Operating Systems": {
        "Mutex vs Semaphore": "http://www.geeksforgeeks.org/mutex-vs-semaphore/", 
        "Set 1": "http://www.geeksforgeeks.org/operating-systems-set-1/",
        "Set 2": "http://www.geeksforgeeks.org/operating-systems-set-2/", 
        "Set 3": "http://www.geeksforgeeks.org/operating-systems-set-3/", 
        "Set 4": "http://www.geeksforgeeks.org/operating-systems-set-4/", 
        "Set 5": "http://www.geeksforgeeks.org/operating-systems-set-5/", 
        "Set 6": "http://www.geeksforgeeks.org/operating-systems-set-6/", 
        "Set 7": "http://www.geeksforgeeks.org/operating-systems-set-7/", 
        "Set 8": "http://www.geeksforgeeks.org/operating-systems-set-8/", 
        "Set 9": "http://www.geeksforgeeks.org/operating-systems-set-9/",
        "Set 10": "http://www.geeksforgeeks.org/operating-systems-set-10/", 
        "Set 11": "http://www.geeksforgeeks.org/operating-systems-set-11/", 
        "Set 12": "http://www.geeksforgeeks.org/operating-systems-set-12/", 
        "Set 13": "http://www.geeksforgeeks.org/operating-systems-set-13/", 
        "Set 14": "http://www.geeksforgeeks.org/operating-systems-set-14/", 
        "Set 15": "http://www.geeksforgeeks.org/operating-systems-set-15/", 
        "Set 16": "http://www.geeksforgeeks.org/operating-systems-set-16/", 
        "Set 17": "http://www.geeksforgeeks.org/operating-systems-set-17/"
    },
    "Database Management Systems" : {
        "Set 1": "http://www.geeksforgeeks.org/database-management-system-set-1/",
        "Set 2": "http://www.geeksforgeeks.org/database-management-system-set-2/", 
        "Set 3": "http://www.geeksforgeeks.org/database-management-system-set-3/", 
        "Set 4": "http://www.geeksforgeeks.org/database-management-systems-set-4/", 
        "Set 5": "http://www.geeksforgeeks.org/database-management-systems-set-5/", 
        "Set 6": "http://www.geeksforgeeks.org/database-management-systems-set-6/", 
        "Set 7": "http://www.geeksforgeeks.org/database-management-systems-set-7/", 
        "Set 8": "http://www.geeksforgeeks.org/database-management-systems-set-8/", 
        "Set 9": "http://www.geeksforgeeks.org/database-management-systems-set-9/", 
        "Set 10": "http://www.geeksforgeeks.org/database-management-systems-set-10/", 
        "Set 11": "http://www.geeksforgeeks.org/database-management-systems-set-11/"
    }, 
    "Automata Theory": {
        "Set 1": "http://www.geeksforgeeks.org/automata-theory-set-1/",
        "Set 2": "http://www.geeksforgeeks.org/automata-theory-set-2/", 
        "Set 3": "http://www.geeksforgeeks.org/automata-theory-set-3/", 
        "Set 4": "http://www.geeksforgeeks.org/automata-theory-set-4/", 
        "Set 5": "http://www.geeksforgeeks.org/automata-theory-set-5/", 
        "Set 6": "http://www.geeksforgeeks.org/automata-theory-set-5-2/"
    }, 
    "Compilers": {
        "Set 1": "http://www.geeksforgeeks.org/compilers-set-1/",
        "Set 2": "http://www.geeksforgeeks.org/compilers-set-2/"
    }, 
    "Computer Networks": {
        "Set 1": "http://www.geeksforgeeks.org/computer-networks-set-1/",
        "Set 2": "http://www.geeksforgeeks.org/computer-networks-set-2/", 
        "Set 3": "http://www.geeksforgeeks.org/computer-networks-set-3/", 
        "Set 4": "http://www.geeksforgeeks.org/computer-networks-set-4-2/", 
        "Set 5": "http://www.geeksforgeeks.org/computer-networks-set-5/", 
        "Set 6": "http://www.geeksforgeeks.org/computer-networks-set-6/", 
        "Set 7": "http://www.geeksforgeeks.org/computer-networks-set-7/", 
        "Set 8": "http://www.geeksforgeeks.org/computer-networks-set-8/", 
        "Set 9": "http://www.geeksforgeeks.org/computer-networks-set-9/", 
        "Set 10": "http://www.geeksforgeeks.org/computer-networks-set-10/", 
        "Set 11": "http://www.geeksforgeeks.org/computer-networks-set-11/", 
        "Set 12": "http://www.geeksforgeeks.org/computer-networks-set-12/"
    },
    "GATE Data Structures and Algorithms": {
        "Set 1": "http://www.geeksforgeeks.org/data-structures-and-algorithms-set-1/",
        "Set 2": "http://www.geeksforgeeks.org/data-structures-and-algorithms-set-3/", 
        "Set 3": "http://www.geeksforgeeks.org/data-structures-and-algorithms-set-3-2/", 
        "Set 4": "http://www.geeksforgeeks.org/data-structures-and-algorithms-set-4/", 
        "Set 5": "http://www.geeksforgeeks.org/data-structures-and-algorithms-set-5/", 
        "Set 6": "http://www.geeksforgeeks.org/data-structures-and-algorithms-set-6/", 
        "Set 7": "http://www.geeksforgeeks.org/data-structures-and-algorithms-set-7/", 
        "Set 8": "http://www.geeksforgeeks.org/data-structures-and-algorithms-set-8/", 
        "Set 9": "http://www.geeksforgeeks.org/data-structures-and-algorithms-set-9/", 
        "Set 10": "http://www.geeksforgeeks.org/data-structures-and-algorithms-set-10/", 
        "Set 11": "http://www.geeksforgeeks.org/data-structures-and-algorithms-set-11/", 
        "Set 12": "http://www.geeksforgeeks.org/data-structures-and-algorithms-set-12/", 
        "Set 13": "http://www.geeksforgeeks.org/data-structures-and-algorithms-set-13/", 
        "Set 14": "http://www.geeksforgeeks.org/data-structures-and-algorithms-set-14/", 
        "Set 15": "http://www.geeksforgeeks.org/data-structures-and-algorithms-set-15/", 
        "Set 16": "http://www.geeksforgeeks.org/data-structures-and-algorithms-set-16/",
        "Set 17": "http://www.geeksforgeeks.org/data-structures-and-algorithms-set-17/", 
        "Set 18": "http://www.geeksforgeeks.org/data-structures-and-algorithms-set-18/", 
        "Set 19": "http://www.geeksforgeeks.org/data-structures-and-algorithms-set-19/", 
        "Set 20": "http://www.geeksforgeeks.org/data-structures-and-algorithms-set-20/", 
        "Set 21": "http://www.geeksforgeeks.org/data-structures-and-algorithms-set-21/", 
        "Set 22": "http://www.geeksforgeeks.org/data-structures-and-algorithms-set-22/", 
        "Set 23": "http://www.geeksforgeeks.org/data-structures-and-algorithms-set-23/", 
        "Set 24": "http://www.geeksforgeeks.org/data-structures-and-algorithms-set-24/", 
        "Set 25": "http://www.geeksforgeeks.org/data-structures-and-algorithms-set-25/", 
        "Set 26": "http://www.geeksforgeeks.org/data-structures-and-algorithms-set-26/", 
        "Set 27": "http://www.geeksforgeeks.org/data-structures-and-algorithms-set-27/", 
        "Set 28": "http://www.geeksforgeeks.org/data-structures-and-algorithms-set-28/", 
        "Set 29": "http://www.geeksforgeeks.org/data-structures-and-algorithms-set-29/", 
        "Set 30": "http://www.geeksforgeeks.org/data-structures-and-algorithms-set-30-2/", 
        "Set 31": "http://www.geeksforgeeks.org/data-structures-and-algorithms-set-31/", 
        "Set 32": "http://www.geeksforgeeks.org/data-structures-algorithms-set-32/", 
        "Set 33": "http://www.geeksforgeeks.org/data-structures-algorithms-set-33/", 
        "Set 34": "http://www.geeksforgeeks.org/data-structures-algorithms-set-34-2/", 
        "Set 35": "http://www.geeksforgeeks.org/data-structures-algorithms-set-34/"
    }
}